Stock,Volatility
ADANIENT,0.028600523792508787
ADANIPORTS,0.026028643454512647
BEL,0.02328339205987514
TRENT,0.023073798932652146
ONGC,0.02224731217568337
BPCL,0.02206885110266499
SHRIRAMFIN,0.021686664608624028
COALINDIA,0.021411449147905548
HINDALCO,0.019586836411430934
NTPC,0.019475011701296695
